id	title	created_at	updated_at
1	Adjustable Headrest	2020-11-25 16:05:31.270237+00	NULL
2	Adjustable Length	2020-11-25 16:05:31.270237+00	NULL
3	Age Group	2020-11-25 16:05:31.270237+00	NULL
4	Alarm Clock	2020-11-25 16:05:31.270237+00	NULL
5	Altimeter	2020-11-25 16:05:31.270237+00	NULL
6	Amethyst Clarity	2020-11-25 16:05:31.270237+00	NULL
7	Amethyst Color	2020-11-25 16:05:31.270237+00	NULL
8	Amethyst Shape	2020-11-25 16:05:31.270237+00	NULL
9	Amethyst Weight	2020-11-25 16:05:31.270237+00	NULL
10	Antennae	2020-11-25 16:05:31.270237+00	NULL
11	Antennae Capacity	2020-11-25 16:05:31.270237+00	NULL
12	Artificial Pearl Material	2020-11-25 16:05:31.270237+00	NULL
13	Attachment Mechanism	2020-11-25 16:05:31.270237+00	NULL
14	Attachment Type	2020-11-25 16:05:31.270237+00	NULL
15	Attachment Types	2020-11-25 16:05:31.270237+00	NULL
16	Auto On/Off	2020-11-25 16:05:31.270237+00	NULL
17	Back	2020-11-25 16:05:31.270237+00	NULL
18	Backlight	2020-11-25 16:05:31.270237+00	NULL
19	Bag Size	2020-11-25 16:05:31.270237+00	NULL
20	Bandwidth	2020-11-25 16:05:31.270237+00	NULL
21	Bangle Size	2020-11-25 16:05:31.270237+00	NULL
22	Barometer	2020-11-25 16:05:31.270237+00	NULL
23	Base Material	2020-11-25 16:05:31.270237+00	NULL
24	Battery Size	2020-11-25 16:05:31.270237+00	NULL
25	Battery Type	2020-11-25 16:05:31.270237+00	NULL
26	Bed Type	2020-11-25 16:05:31.270237+00	NULL
27	Belt Included	2020-11-25 16:05:31.270237+00	NULL
28	Binding	2020-11-25 16:05:31.270237+00	NULL
29	Blade Material	2020-11-25 16:05:31.270237+00	NULL
30	Blade Type	2020-11-25 16:05:31.270237+00	NULL
31	Body Design	2020-11-25 16:05:31.270237+00	NULL
32	Body Finish	2020-11-25 16:05:31.270237+00	NULL
33	Body Material	2020-11-25 16:05:31.270237+00	NULL
34	Body Structure	2020-11-25 16:05:31.270237+00	NULL
35	Boot Shaft Height	2020-11-25 16:05:31.270237+00	NULL
36	Bottom Fabric	2020-11-25 16:05:31.270237+00	NULL
37	Box Material	2020-11-25 16:05:31.270237+00	NULL
38	Brand	2020-11-25 16:05:31.270237+00	NULL
39	Brand Color	2020-11-25 16:05:31.270237+00	NULL
40	Brand Fit	2020-11-25 16:05:31.270237+00	NULL
41	Brand Name	2020-11-25 16:05:31.270237+00	NULL
42	Breathable	2020-11-25 16:05:31.270237+00	NULL
43	Build Material	2020-11-25 16:05:31.270237+00	NULL
44	Bulb Type	2020-11-25 16:05:31.270237+00	NULL
45	Bust Size	2020-11-25 16:05:31.270237+00	NULL
46	Calendar	2020-11-25 16:05:31.270237+00	NULL
47	Capacity	2020-11-25 16:05:31.270237+00	NULL
48	Care Instructions	2020-11-25 16:05:31.270237+00	NULL
49	Case / Bezel Material	2020-11-25 16:05:31.270237+00	NULL
50	Case/Bezel Material	2020-11-25 16:05:31.270237+00	NULL
51	Case Color	2020-11-25 16:05:31.270237+00	NULL
52	Case or Cover	2020-11-25 16:05:31.270237+00	NULL
53	Certification	2020-11-25 16:05:31.270237+00	NULL
54	Chain Included	2020-11-25 16:05:31.270237+00	NULL
55	Chain Length	2020-11-25 16:05:31.270237+00	NULL
56	Chain Material	2020-11-25 16:05:31.270237+00	NULL
57	Chain/Necklace Length	2020-11-25 16:05:31.270237+00	NULL
58	Chain/Necklace Thickness	2020-11-25 16:05:31.270237+00	NULL
59	Chain Plating	2020-11-25 16:05:31.270237+00	NULL
60	Chain Thickness	2020-11-25 16:05:31.270237+00	NULL
61	Chain Type	2020-11-25 16:05:31.270237+00	NULL
62	Character	2020-11-25 16:05:31.270237+00	NULL
63	Chronograph	2020-11-25 16:05:31.270237+00	NULL
64	Chronograph Feature	2020-11-25 16:05:31.270237+00	NULL
65	Clasp	2020-11-25 16:05:31.270237+00	NULL
66	Clasp Type	2020-11-25 16:05:31.270237+00	NULL
67	Cleaning and Care	2020-11-25 16:05:31.270237+00	NULL
68	Closure	2020-11-25 16:05:31.270237+00	NULL
69	Closure Type	2020-11-25 16:05:31.270237+00	NULL
70	Collar	2020-11-25 16:05:31.270237+00	NULL
71	Collection	2020-11-25 16:05:31.270237+00	NULL
72	color	2020-11-25 16:05:31.270237+00	NULL
73	Color	2020-11-25 16:05:31.270237+00	NULL
74	Color Code	2020-11-25 16:05:31.270237+00	NULL
75	Comb Lengths	2020-11-25 16:05:31.270237+00	NULL
76	Combo Set Content	2020-11-25 16:05:31.270237+00	NULL
77	Combo Set Contents	2020-11-25 16:05:31.270237+00	NULL
78	Common Name	2020-11-25 16:05:31.270237+00	NULL
79	Compass	2020-11-25 16:05:31.270237+00	NULL
80	Compatible Laptop Size	2020-11-25 16:05:31.270237+00	NULL
81	Compatible Models	2020-11-25 16:05:31.270237+00	NULL
82	Compatible Vehicle Type	2020-11-25 16:05:31.270237+00	NULL
83	Compatible With	2020-11-25 16:05:31.270237+00	NULL
84	Configuration	2020-11-25 16:05:31.270237+00	NULL
85	Connector Pin Type	2020-11-25 16:05:31.270237+00	NULL
86	Controls	2020-11-25 16:05:31.270237+00	NULL
87	Corded	2020-11-25 16:05:31.270237+00	NULL
88	Corded/Cordless	2020-11-25 16:05:31.270237+00	NULL
89	Cordless	2020-11-25 16:05:31.270237+00	NULL
90	Corrosion Resistant	2020-11-25 16:05:31.270237+00	NULL
91	Covered in Warranty	2020-11-25 16:05:31.270237+00	NULL
92	Covered In Warranty	2020-11-25 16:05:31.270237+00	NULL
93	Cuff	2020-11-25 16:05:31.270237+00	NULL
94	Cup Type	2020-11-25 16:05:31.270237+00	NULL
95	Current Required	2020-11-25 16:05:31.270237+00	NULL
96	Dark to Light	2020-11-25 16:05:31.270237+00	NULL
97	Date Display	2020-11-25 16:05:31.270237+00	NULL
98	Day Display	2020-11-25 16:05:31.270237+00	NULL
99	Decorative Features	2020-11-25 16:05:31.270237+00	NULL
100	Delivery Condition	2020-11-25 16:05:31.270237+00	NULL
101	Depth	2020-11-25 16:05:31.270237+00	NULL
102	Design	2020-11-25 16:05:31.270237+00	NULL
103	Design Code	2020-11-25 16:05:31.270237+00	NULL
104	Designed for	2020-11-25 16:05:31.270237+00	NULL
105	Designed For	2020-11-25 16:05:31.270237+00	NULL
106	Design & Style	2020-11-25 16:05:31.270237+00	NULL
107	Design Type	2020-11-25 16:05:31.270237+00	NULL
108	Detachable Straps	2020-11-25 16:05:31.270237+00	NULL
109	Dial Color	2020-11-25 16:05:31.270237+00	NULL
110	Dial Glass Material	2020-11-25 16:05:31.270237+00	NULL
111	Dial Material	2020-11-25 16:05:31.270237+00	NULL
112	Dial Shape	2020-11-25 16:05:31.270237+00	NULL
113	Diameter	2020-11-25 16:05:31.270237+00	NULL
114	Diamond Clarity	2020-11-25 16:05:31.270237+00	NULL
115	Diamond Color	2020-11-25 16:05:31.270237+00	NULL
116	Diamond Color Grade	2020-11-25 16:05:31.270237+00	NULL
117	Diamond Cut	2020-11-25 16:05:31.270237+00	NULL
118	Diamond Height	2020-11-25 16:05:31.270237+00	NULL
119	Diamond Shape	2020-11-25 16:05:31.270237+00	NULL
120	Diamond Weight	2020-11-25 16:05:31.270237+00	NULL
121	Diamond Width	2020-11-25 16:05:31.270237+00	NULL
122	Diamong Color Grade	2020-11-25 16:05:31.270237+00	NULL
123	Digital Display	2020-11-25 16:05:31.270237+00	NULL
124	Dishwasher Safe	2020-11-25 16:05:31.270237+00	NULL
125	Disposable	2020-11-25 16:05:31.270237+00	NULL
126	Domestic Term	2020-11-25 16:05:31.270237+00	NULL
127	DSL Modem Speed	2020-11-25 16:05:31.270237+00	NULL
128	Dupatta Fabric	2020-11-25 16:05:31.270237+00	NULL
129	Earring Back Type	2020-11-25 16:05:31.270237+00	NULL
130	Electric Resistance	2020-11-25 16:05:31.270237+00	NULL
131	Emerald Color	2020-11-25 16:05:31.270237+00	NULL
132	Emerald Shape	2020-11-25 16:05:31.270237+00	NULL
133	Emerald Weight	2020-11-25 16:05:31.270237+00	NULL
134	Encryption	2020-11-25 16:05:31.270237+00	NULL
135	Entrance Hole Size	2020-11-25 16:05:31.270237+00	NULL
136	External Depth	2020-11-25 16:05:31.270237+00	NULL
137	External Diameter	2020-11-25 16:05:31.270237+00	NULL
138	External Width	2020-11-25 16:05:31.270237+00	NULL
139	Extra Fold	2020-11-25 16:05:31.270237+00	NULL
140	Fabric	2020-11-25 16:05:31.270237+00	NULL
141	Fastening	2020-11-25 16:05:31.270237+00	NULL
142	Field of Vision	2020-11-25 16:05:31.270237+00	NULL
143	Filling Material	2020-11-25 16:05:31.270237+00	NULL
144	Filter Thread Size	2020-11-25 16:05:31.270237+00	NULL
145	Finish	2020-11-25 16:05:31.270237+00	NULL
146	Finish Color	2020-11-25 16:05:31.270237+00	NULL
147	Finish Type	2020-11-25 16:05:31.270237+00	NULL
148	Firewall	2020-11-25 16:05:31.270237+00	NULL
149	Fit	2020-11-25 16:05:31.270237+00	NULL
150	Flexible	2020-11-25 16:05:31.270237+00	NULL
151	Flowering Plant	2020-11-25 16:05:31.270237+00	NULL
152	Fragrance Segment	2020-11-25 16:05:31.270237+00	NULL
153	Freezer Safe	2020-11-25 16:05:31.270237+00	NULL
154	Frequency	2020-11-25 16:05:31.270237+00	NULL
155	Frequency Range	2020-11-25 16:05:31.270237+00	NULL
156	Gemstone	2020-11-25 16:05:31.270237+00	NULL
157	Gift Pack	2020-11-25 16:05:31.270237+00	NULL
158	Gift Set Content	2020-11-25 16:05:31.270237+00	NULL
159	Gold Color	2020-11-25 16:05:31.270237+00	NULL
160	Gold Purity	2020-11-25 16:05:31.270237+00	NULL
161	Gold Weight	2020-11-25 16:05:31.270237+00	NULL
162	GPS	2020-11-25 16:05:31.270237+00	NULL
163	Grip Type	2020-11-25 16:05:31.270237+00	NULL
164	Grommets Included	2020-11-25 16:05:31.270237+00	NULL
165	GSM	2020-11-25 16:05:31.270237+00	NULL
166	Handcrafted	2020-11-25 16:05:31.270237+00	NULL
167	Handle Grip Material	2020-11-25 16:05:31.270237+00	NULL
168	Hand Washable	2020-11-25 16:05:31.270237+00	NULL
169	Head Type	2020-11-25 16:05:31.270237+00	NULL
170	Heel Height	2020-11-25 16:05:31.270237+00	NULL
171	Heel Type	2020-11-25 16:05:31.270237+00	NULL
172	Height	2020-11-25 16:05:31.270237+00	NULL
173	Hem	2020-11-25 16:05:31.270237+00	NULL
174	Hip Strap	2020-11-25 16:05:31.270237+00	NULL
175	Holes Can Be Drilled	2020-11-25 16:05:31.270237+00	NULL
176	Hooded	2020-11-25 16:05:31.270237+00	NULL
177	Ideal For	2020-11-25 16:05:31.270237+00	NULL
178	Ideal Use	2020-11-25 16:05:31.270237+00	NULL
179	Indicators	2020-11-25 16:05:31.270237+00	NULL
180	Inner Lining	2020-11-25 16:05:31.270237+00	NULL
181	Inner Material	2020-11-25 16:05:31.270237+00	NULL
182	Inside Ring Circumference	2020-11-25 16:05:31.270237+00	NULL
183	Insole Material	2020-11-25 16:05:31.270237+00	NULL
184	Installation Features	2020-11-25 16:05:31.270237+00	NULL
185	Installation Type	2020-11-25 16:05:31.270237+00	NULL
186	Integrated Sharpener	2020-11-25 16:05:31.270237+00	NULL
187	In The Box	2020-11-25 16:05:31.270237+00	NULL
188	Key Features	2020-11-25 16:05:31.270237+00	NULL
189	Knit Type	2020-11-25 16:05:31.270237+00	NULL
190	Laminated	2020-11-25 16:05:31.270237+00	NULL
191	Lamination Type	2020-11-25 16:05:31.270237+00	NULL
192	LAN	2020-11-25 16:05:31.270237+00	NULL
193	LAN/WAN	2020-11-25 16:05:31.270237+00	NULL
194	Laptop Sleeve	2020-11-25 16:05:31.270237+00	NULL
195	LED Indicator	2020-11-25 16:05:31.270237+00	NULL
196	Leg Height	2020-11-25 16:05:31.270237+00	NULL
197	Length	2020-11-25 16:05:31.270237+00	NULL
198	Light	2020-11-25 16:05:31.270237+00	NULL
199	Light to Dark	2020-11-25 16:05:31.270237+00	NULL
200	Lining	2020-11-25 16:05:31.270237+00	NULL
201	Locator Light	2020-11-25 16:05:31.270237+00	NULL
202	Locket Type	2020-11-25 16:05:31.270237+00	NULL
203	Locket with Photo Insert	2020-11-25 16:05:31.270237+00	NULL
204	Luminous	2020-11-25 16:05:31.270237+00	NULL
205	Luxury Clock	2020-11-25 16:05:31.270237+00	NULL
206	Machine Dryable	2020-11-25 16:05:31.270237+00	NULL
207	Machine Washable	2020-11-25 16:05:31.270237+00	NULL
208	Material	2020-11-25 16:05:31.270237+00	NULL
209	Maximum Adjustment	2020-11-25 16:05:31.270237+00	NULL
210	Maximum Current	2020-11-25 16:05:31.270237+00	NULL
211	Maximum Load Capacity	2020-11-25 16:05:31.270237+00	NULL
212	Maximum Voltage	2020-11-25 16:05:31.270237+00	NULL
213	Mechanical Life	2020-11-25 16:05:31.270237+00	NULL
214	Mechanism	2020-11-25 16:05:31.270237+00	NULL
215	Metal Color	2020-11-25 16:05:31.270237+00	NULL
216	Metal Purity	2020-11-25 16:05:31.270237+00	NULL
217	Metal Weight	2020-11-25 16:05:31.270237+00	NULL
218	Microwave Safe	2020-11-25 16:05:31.270237+00	NULL
219	Model	2020-11-25 16:05:31.270237+00	NULL
220	Model Details	2020-11-25 16:05:31.270237+00	NULL
221	Model id	2020-11-25 16:05:31.270237+00	NULL
222	Model Id	2020-11-25 16:05:31.270237+00	NULL
223	Model ID	2020-11-25 16:05:31.270237+00	NULL
224	Model Name	2020-11-25 16:05:31.270237+00	NULL
225	Model Number	2020-11-25 16:05:31.270237+00	NULL
226	Model Series Name	2020-11-25 16:05:31.270237+00	NULL
227	Model Year	2020-11-25 16:05:31.270237+00	NULL
228	Moonphase	2020-11-25 16:05:31.270237+00	NULL
229	Motor Speed	2020-11-25 16:05:31.270237+00	NULL
230	Mount Type	2020-11-25 16:05:31.270237+00	NULL
231	Movement	2020-11-25 16:05:31.270237+00	NULL
232	Mug Capacity	2020-11-25 16:05:31.270237+00	NULL
233	Multi-Functions	2020-11-25 16:05:31.270237+00	NULL
234	Natural/Synthetic Amethyst	2020-11-25 16:05:31.270237+00	NULL
235	Natural/Synthetic Diamond	2020-11-25 16:05:31.270237+00	NULL
236	Natural/Synthetic Emerald	2020-11-25 16:05:31.270237+00	NULL
237	Natural/Synthetic Ruby	2020-11-25 16:05:31.270237+00	NULL
238	Natural/Synthetic Sapphire	2020-11-25 16:05:31.270237+00	NULL
239	Natural/Synthetic Semi-precious Stone	2020-11-25 16:05:31.270237+00	NULL
240	Neck	2020-11-25 16:05:31.270237+00	NULL
241	Necklace Type	2020-11-25 16:05:31.270237+00	NULL
242	Noise reduction	2020-11-25 16:05:31.270237+00	NULL
243	No. of Pages	2020-11-25 16:05:31.270237+00	NULL
244	Not Covered in Warranty	2020-11-25 16:05:31.270237+00	NULL
245	Not Covered In Warranty	2020-11-25 16:05:31.270237+00	NULL
246	Novelty Feature	2020-11-25 16:05:31.270237+00	NULL
247	Number of Amethysts	2020-11-25 16:05:31.270237+00	NULL
248	Number of Antennae	2020-11-25 16:05:31.270237+00	NULL
249	Number of Arc Sensors	2020-11-25 16:05:31.270237+00	NULL
250	Number of Attachments	2020-11-25 16:05:31.270237+00	NULL
251	Number of Batteries	2020-11-25 16:05:31.270237+00	NULL
252	Number of Catching Points	2020-11-25 16:05:31.270237+00	NULL
253	Number Of Cells	2020-11-25 16:05:31.270237+00	NULL
254	Number of Combs	2020-11-25 16:05:31.270237+00	NULL
255	Number of Compartments	2020-11-25 16:05:31.270237+00	NULL
256	Number of Condos	2020-11-25 16:05:31.270237+00	NULL
257	Number of Contents in Combo Set	2020-11-25 16:05:31.270237+00	NULL
258	Number of Contents in Sales Package	2020-11-25 16:05:31.270237+00	NULL
259	Number of Contents in Set	2020-11-25 16:05:31.270237+00	NULL
260	Number of Diamonds	2020-11-25 16:05:31.270237+00	NULL
261	Number of Emeralds	2020-11-25 16:05:31.270237+00	NULL
262	Number of Gemstones	2020-11-25 16:05:31.270237+00	NULL
263	Number of Hands	2020-11-25 16:05:31.270237+00	NULL
264	Number of LAN ports	2020-11-25 16:05:31.270237+00	NULL
265	Number of Pairs	2020-11-25 16:05:31.270237+00	NULL
266	Number of Pearls	2020-11-25 16:05:31.270237+00	NULL
267	Number of Pockets	2020-11-25 16:05:31.270237+00	NULL
268	Number of Punch Heads	2020-11-25 16:05:31.270237+00	NULL
269	Number of Rings	2020-11-25 16:05:31.270237+00	NULL
270	Number of Rubies	2020-11-25 16:05:31.270237+00	NULL
271	Number of Sapphires	2020-11-25 16:05:31.270237+00	NULL
272	Number of Speed Settings	2020-11-25 16:05:31.270237+00	NULL
273	Number of Stickers	2020-11-25 16:05:31.270237+00	NULL
274	Number of Switches	2020-11-25 16:05:31.270237+00	NULL
275	Number of Tags/Charms	2020-11-25 16:05:31.270237+00	NULL
276	Number of Trimming Settings	2020-11-25 16:05:31.270237+00	NULL
277	Number of USB Ports	2020-11-25 16:05:31.270237+00	NULL
278	Number of Vents	2020-11-25 16:05:31.270237+00	NULL
279	Number of WAN ports	2020-11-25 16:05:31.270237+00	NULL
280	Occasion	2020-11-25 16:05:31.270237+00	NULL
281	Oil Free	2020-11-25 16:05:31.270237+00	NULL
282	Opening/Closing Mechanism	2020-11-25 16:05:31.270237+00	NULL
283	Opening Diameter	2020-11-25 16:05:31.270237+00	NULL
284	Opening Length	2020-11-25 16:05:31.270237+00	NULL
285	Opening Width	2020-11-25 16:05:31.270237+00	NULL
286	Operating Humidity	2020-11-25 16:05:31.270237+00	NULL
287	Operating Modes	2020-11-25 16:05:31.270237+00	NULL
288	Operating Range	2020-11-25 16:05:31.270237+00	NULL
289	Operating System	2020-11-25 16:05:31.270237+00	NULL
290	Organic	2020-11-25 16:05:31.270237+00	NULL
291	Organic Type	2020-11-25 16:05:31.270237+00	NULL
292	Orientation	2020-11-25 16:05:31.270237+00	NULL
293	Origin of Manufacture	2020-11-25 16:05:31.270237+00	NULL
294	Other Bath Towel Features	2020-11-25 16:05:31.270237+00	NULL
295	Other Body Features	2020-11-25 16:05:31.270237+00	NULL
296	Other Bra Details	2020-11-25 16:05:31.270237+00	NULL
297	Other Details	2020-11-25 16:05:31.270237+00	NULL
298	Other Dimensions	2020-11-25 16:05:31.270237+00	NULL
299	Other Features	2020-11-25 16:05:31.270237+00	NULL
300	Other Functions	2020-11-25 16:05:31.270237+00	NULL
301	Other Materials	2020-11-25 16:05:31.270237+00	NULL
302	Other Security Features	2020-11-25 16:05:31.270237+00	NULL
303	Other Welding Helmet Feaures	2020-11-25 16:05:31.270237+00	NULL
304	Outer Material	2020-11-25 16:05:31.270237+00	NULL
305	Output Current (A)	2020-11-25 16:05:31.270237+00	NULL
306	Output Voltage (V)	2020-11-25 16:05:31.270237+00	NULL
307	Pack of	2020-11-25 16:05:31.270237+00	NULL
308	Padding Features	2020-11-25 16:05:31.270237+00	NULL
309	Part Number	2020-11-25 16:05:31.270237+00	NULL
310	Pattern	2020-11-25 16:05:31.270237+00	NULL
311	Pearl Color	2020-11-25 16:05:31.270237+00	NULL
312	Pearl Diameter	2020-11-25 16:05:31.270237+00	NULL
313	Pearl Grade	2020-11-25 16:05:31.270237+00	NULL
314	Pearl Length	2020-11-25 16:05:31.270237+00	NULL
315	Pearl Shape	2020-11-25 16:05:31.270237+00	NULL
316	Pearl Type	2020-11-25 16:05:31.270237+00	NULL
317	Pencil Box Art	2020-11-25 16:05:31.270237+00	NULL
318	Pencil Box Closure Type	2020-11-25 16:05:31.270237+00	NULL
319	Pencil Box Material	2020-11-25 16:05:31.270237+00	NULL
320	Pet Type	2020-11-25 16:05:31.270237+00	NULL
321	Piercing Required	2020-11-25 16:05:31.270237+00	NULL
322	Placement Position	2020-11-25 16:05:31.270237+00	NULL
323	Placket	2020-11-25 16:05:31.270237+00	NULL
324	Platform Size	2020-11-25 16:05:31.270237+00	NULL
325	Plating	2020-11-25 16:05:31.270237+00	NULL
326	Platinum Purity	2020-11-25 16:05:31.270237+00	NULL
327	Platinum Weight	2020-11-25 16:05:31.270237+00	NULL
328	Pleats	2020-11-25 16:05:31.270237+00	NULL
329	Pockets	2020-11-25 16:05:31.270237+00	NULL
330	Pop-up Trimmer	2020-11-25 16:05:31.270237+00	NULL
331	Power Consumption	2020-11-25 16:05:31.270237+00	NULL
332	Power Consumption (W)	2020-11-25 16:05:31.270237+00	NULL
333	Power Input	2020-11-25 16:05:31.270237+00	NULL
334	Power Required (Volts)	2020-11-25 16:05:31.270237+00	NULL
335	Power Requirement	2020-11-25 16:05:31.270237+00	NULL
336	Power Source	2020-11-25 16:05:31.270237+00	NULL
337	Power Supply	2020-11-25 16:05:31.270237+00	NULL
338	Precious/Artificial Jewellery	2020-11-25 16:05:31.270237+00	NULL
339	Primary Color	2020-11-25 16:05:31.270237+00	NULL
340	Primary Material	2020-11-25 16:05:31.270237+00	NULL
341	Primary Material Subtype	2020-11-25 16:05:31.270237+00	NULL
342	Primary Product Size	2020-11-25 16:05:31.270237+00	NULL
343	Professional Care	2020-11-25 16:05:31.270237+00	NULL
344	Protects	2020-11-25 16:05:31.270237+00	NULL
345	Punching Capacity	2020-11-25 16:05:31.270237+00	NULL
346	Quantity	2020-11-25 16:05:31.270237+00	NULL
347	Quick Charge	2020-11-25 16:05:31.270237+00	NULL
348	Rechargeable	2020-11-25 16:05:31.270237+00	NULL
349	Recharge Time	2020-11-25 16:05:31.270237+00	NULL
350	Recharging Dock	2020-11-25 16:05:31.270237+00	NULL
351	Removable Insole	2020-11-25 16:05:31.270237+00	NULL
352	Replaceable Parts	2020-11-25 16:05:31.270237+00	NULL
353	Reversible	2020-11-25 16:05:31.270237+00	NULL
354	Ring Size	2020-11-25 16:05:31.270237+00	NULL
355	Rise	2020-11-25 16:05:31.270237+00	NULL
356	Ruby Clarity	2020-11-25 16:05:31.270237+00	NULL
357	Ruby Color	2020-11-25 16:05:31.270237+00	NULL
358	Ruby Cut	2020-11-25 16:05:31.270237+00	NULL
359	Ruby Height	2020-11-25 16:05:31.270237+00	NULL
360	Ruby Shape	2020-11-25 16:05:31.270237+00	NULL
361	Ruby Weight	2020-11-25 16:05:31.270237+00	NULL
362	Ruby Width	2020-11-25 16:05:31.270237+00	NULL
363	Ruling	2020-11-25 16:05:31.270237+00	NULL
364	Sales Package	2020-11-25 16:05:31.270237+00	NULL
365	Sapphire Color	2020-11-25 16:05:31.270237+00	NULL
366	Sapphire Shape	2020-11-25 16:05:31.270237+00	NULL
367	Sapphire Weight	2020-11-25 16:05:31.270237+00	NULL
368	Scratch-resistant	2020-11-25 16:05:31.270237+00	NULL
369	Scratch Resistant	2020-11-25 16:05:31.270237+00	NULL
370	Seam Type	2020-11-25 16:05:31.270237+00	NULL
371	Seat Height	2020-11-25 16:05:31.270237+00	NULL
372	Seating Capacity	2020-11-25 16:05:31.270237+00	NULL
373	Secondary Material	2020-11-25 16:05:31.270237+00	NULL
374	Secondary Material Subtype	2020-11-25 16:05:31.270237+00	NULL
375	Segment Type	2020-11-25 16:05:31.270237+00	NULL
376	Semi-precious Stone Shape	2020-11-25 16:05:31.270237+00	NULL
377	Semi-precious Stone Type	2020-11-25 16:05:31.270237+00	NULL
378	Series	2020-11-25 16:05:31.270237+00	NULL
379	Service Type	2020-11-25 16:05:31.270237+00	NULL
380	Set Content	2020-11-25 16:05:31.270237+00	NULL
381	Setting	2020-11-25 16:05:31.270237+00	NULL
382	Shade	2020-11-25 16:05:31.270237+00	NULL
383	Shape	2020-11-25 16:05:31.270237+00	NULL
384	Shaver Type	2020-11-25 16:05:31.270237+00	NULL
385	Sheerness	2020-11-25 16:05:31.270237+00	NULL
386	Shell Material	2020-11-25 16:05:31.270237+00	NULL
387	Shock Resistance	2020-11-25 16:05:31.270237+00	NULL
388	Shoulder Strap	2020-11-25 16:05:31.270237+00	NULL
389	Silver Color	2020-11-25 16:05:31.270237+00	NULL
390	Silver Purity	2020-11-25 16:05:31.270237+00	NULL
391	Silver Weight	2020-11-25 16:05:31.270237+00	NULL
392	Size	2020-11-25 16:05:31.270237+00	NULL
393	Size in Number	2020-11-25 16:05:31.270237+00	NULL
394	Sleeve	2020-11-25 16:05:31.270237+00	NULL
395	Soil Capacity	2020-11-25 16:05:31.270237+00	NULL
396	Sole Material	2020-11-25 16:05:31.270237+00	NULL
397	Sound Type	2020-11-25 16:05:31.270237+00	NULL
398	Spiked Sole	2020-11-25 16:05:31.270237+00	NULL
399	SSID Support	2020-11-25 16:05:31.270237+00	NULL
400	Stand	2020-11-25 16:05:31.270237+00	NULL
401	Standard IEEE	2020-11-25 16:05:31.270237+00	NULL
402	Strap Color	2020-11-25 16:05:31.270237+00	NULL
403	Strap Design	2020-11-25 16:05:31.270237+00	NULL
404	Strap Material	2020-11-25 16:05:31.270237+00	NULL
405	Straps	2020-11-25 16:05:31.270237+00	NULL
406	Strap Type	2020-11-25 16:05:31.270237+00	NULL
407	Stretchable	2020-11-25 16:05:31.270237+00	NULL
408	Style	2020-11-25 16:05:31.270237+00	NULL
409	Style Code	2020-11-25 16:05:31.270237+00	NULL
410	Suitable For	2020-11-25 16:05:31.270237+00	NULL
411	Suitable Welding Type	2020-11-25 16:05:31.270237+00	NULL
412	Supported Software	2020-11-25 16:05:31.270237+00	NULL
413	Suspension Type	2020-11-25 16:05:31.270237+00	NULL
414	Switch Depth	2020-11-25 16:05:31.270237+00	NULL
415	Switch Height	2020-11-25 16:05:31.270237+00	NULL
416	Switch Weight	2020-11-25 16:05:31.270237+00	NULL
417	Switch Width	2020-11-25 16:05:31.270237+00	NULL
418	System Requirements	2020-11-25 16:05:31.270237+00	NULL
419	Tag/Charm Shape	2020-11-25 16:05:31.270237+00	NULL
420	Tags/Charms Attachable	2020-11-25 16:05:31.270237+00	NULL
421	Technology Used	2020-11-25 16:05:31.270237+00	NULL
422	Temperature	2020-11-25 16:05:31.270237+00	NULL
423	Temperature Readout	2020-11-25 16:05:31.270237+00	NULL
424	Theme	2020-11-25 16:05:31.270237+00	NULL
425	Thickness	2020-11-25 16:05:31.270237+00	NULL
426	Thread Count	2020-11-25 16:05:31.270237+00	NULL
427	Time Format	2020-11-25 16:05:31.270237+00	NULL
428	Tip Shape	2020-11-25 16:05:31.270237+00	NULL
429	Top Fabric	2020-11-25 16:05:31.270237+00	NULL
430	Top Length	2020-11-25 16:05:31.270237+00	NULL
431	Top Width	2020-11-25 16:05:31.270237+00	NULL
432	Tourbillon	2020-11-25 16:05:31.270237+00	NULL
433	Transparency	2020-11-25 16:05:31.270237+00	NULL
434	Travel Lock	2020-11-25 16:05:31.270237+00	NULL
435	Trimmer type	2020-11-25 16:05:31.270237+00	NULL
436	Trimming Range	2020-11-25 16:05:31.270237+00	NULL
437	Trolley Support	2020-11-25 16:05:31.270237+00	NULL
438	Type	2020-11-25 16:05:31.270237+00	NULL
439	Type of Seed	2020-11-25 16:05:31.270237+00	NULL
440	Universal Fit	2020-11-25 16:05:31.270237+00	NULL
441	Universal Voltage	2020-11-25 16:05:31.270237+00	NULL
442	Upholstery Color	2020-11-25 16:05:31.270237+00	NULL
443	Upholstery Included	2020-11-25 16:05:31.270237+00	NULL
444	Upholstery Type	2020-11-25 16:05:31.270237+00	NULL
445	USB	2020-11-25 16:05:31.270237+00	NULL
446	Used For	2020-11-25 16:05:31.270237+00	NULL
447	Uses	2020-11-25 16:05:31.270237+00	NULL
448	Use Time	2020-11-25 16:05:31.270237+00	NULL
449	UV Protection	2020-11-25 16:05:31.270237+00	NULL
450	UV Ray Protection	2020-11-25 16:05:31.270237+00	NULL
451	Vehicle Brand	2020-11-25 16:05:31.270237+00	NULL
452	Vehicle Model Name	2020-11-25 16:05:31.270237+00	NULL
453	Vehicle Model Year	2020-11-25 16:05:31.270237+00	NULL
454	Vibrant Resistant	2020-11-25 16:05:31.270237+00	NULL
455	Voltage	2020-11-25 16:05:31.270237+00	NULL
456	Voltage Required	2020-11-25 16:05:31.270237+00	NULL
457	Volume	2020-11-25 16:05:31.270237+00	NULL
458	VPN	2020-11-25 16:05:31.270237+00	NULL
459	Waistband	2020-11-25 16:05:31.270237+00	NULL
460	Wall Mount	2020-11-25 16:05:31.270237+00	NULL
461	WAN	2020-11-25 16:05:31.270237+00	NULL
462	Warranty	2020-11-25 16:05:31.270237+00	NULL
463	Warranty Service Type	2020-11-25 16:05:31.270237+00	NULL
464	warranty_summary	2020-11-25 16:05:31.270237+00	NULL
465	Warranty Summary	2020-11-25 16:05:31.270237+00	NULL
466	warranty_type	2020-11-25 16:05:31.270237+00	NULL
467	Warranty Type	2020-11-25 16:05:31.270237+00	NULL
468	Wash	2020-11-25 16:05:31.270237+00	NULL
469	Washable	2020-11-25 16:05:31.270237+00	NULL
470	Wash Care	2020-11-25 16:05:31.270237+00	NULL
471	Waterproof	2020-11-25 16:05:31.270237+00	NULL
472	Water Reservoir Capacity	2020-11-25 16:05:31.270237+00	NULL
473	Water Resistance Depth	2020-11-25 16:05:31.270237+00	NULL
474	Water Resistant	2020-11-25 16:05:31.270237+00	NULL
475	Weather Proof	2020-11-25 16:05:31.270237+00	NULL
476	Weave Type	2020-11-25 16:05:31.270237+00	NULL
477	Weight	2020-11-25 16:05:31.270237+00	NULL
478	Wet and Dry Usage	2020-11-25 16:05:31.270237+00	NULL
479	Width	2020-11-25 16:05:31.270237+00	NULL
480	Width x Height x Depth	2020-11-25 16:05:31.270237+00	NULL
481	Window Type	2020-11-25 16:05:31.270237+00	NULL
482	Wireless Speed	2020-11-25 16:05:31.270237+00	NULL
483	Wire Support	2020-11-25 16:05:31.270237+00	NULL
484	Working Temperature	2020-11-25 16:05:31.270237+00	NULL
485	empty	2020-11-25 16:05:31.270237+00	NULL
